<routes>
   <route id="0" town="Town12">
      <!-- Urbanization route focused on junction crossing vehicles -->
      <weathers>
         <weather route_percentage="0"
            cloudiness="5.0" precipitation="0.0" precipitation_deposits="0.0" wetness="0.0"
            wind_intensity="10.0" sun_azimuth_angle="-1.0" sun_altitude_angle="90.0" fog_density="2.0"/>
         <weather route_percentage="100"
            cloudiness="5.0" precipitation="0.0" precipitation_deposits="0.0" wetness="0.0"
            wind_intensity="10.0" sun_azimuth_angle="-1.0" sun_altitude_angle="15.0" fog_density="2.0"/>
      </weathers>
      <waypoints>
         <position x="355.1" y="6138.1" z="358"/>
         <position x="285.9" y="6127.4" z="358"/>
         <position x="213.5" y="6100.5" z="358"/>
      </waypoints>
	  <scenarios>
		<scenario name="Controllo" type="FreeRide" >
			<trigger_point x="355.1" y="6138.1" z="358" yaw="144" />
		</scenario>
	  </scenarios>
   </route>
</routes>